page,title,method,path,description,source,source_type,sdk_module_guess,repo_module_exists,status,notes
actions,Actions requests,GET,/v1/actions,Get all actions,https://redis.io/docs/latest/operate/rs/references/rest-api/requests/actions/,official_docs,actions,true,unreviewed,
actions,Actions requests,GET,/v2/actions,Get all actions,https://redis.io/docs/latest/operate/rs/references/rest-api/requests/actions/,official_docs,actions,true,unreviewed,
actions,Actions requests,GET,/v1/actions/{uid},Get a single action,https://redis.io/docs/latest/operate/rs/references/rest-api/requests/actions/,official_docs,actions,true,unreviewed,
actions,Actions requests,GET,/v2/actions/{uid},Get a single action,https://redis.io/docs/latest/operate/rs/references/rest-api/requests/actions/,official_docs,actions,true,unreviewed,
actions/bdb,Database actions requests,GET,/v1/actions/bdb/{bdb_uid},Get the status of a specific database's actions,https://redis.io/docs/latest/operate/rs/references/rest-api/requests/actions/bdb/,official_docs,,,unreviewed,
bdbs,Database requests,GET,/v1/bdbs,Get all databases,https://redis.io/docs/latest/operate/rs/references/rest-api/requests/bdbs/,official_docs,bdb,true,unreviewed,
bdbs,Database requests,GET,/v1/bdbs/{uid},Get a single database,https://redis.io/docs/latest/operate/rs/references/rest-api/requests/bdbs/,official_docs,bdb,true,unreviewed,
bdbs,Database requests,PUT,/v1/bdbs/{uid},Update database configuration,https://redis.io/docs/latest/operate/rs/references/rest-api/requests/bdbs/,official_docs,bdb,true,unreviewed,
bdbs,Database requests,PUT,/v1/bdbs/{uid}/{action},Update database configuration and perform additional action,https://redis.io/docs/latest/operate/rs/references/rest-api/requests/bdbs/,official_docs,bdb,true,unreviewed,
bdbs,Database requests,POST,/v1/bdbs,Create a new database,https://redis.io/docs/latest/operate/rs/references/rest-api/requests/bdbs/,official_docs,bdb,true,unreviewed,
bdbs,Database requests,POST,/v2/bdbs,Create a new database,https://redis.io/docs/latest/operate/rs/references/rest-api/requests/bdbs/,official_docs,bdb,true,unreviewed,
bdbs,Database requests,DELETE,/v1/bdbs/{uid},Delete a database,https://redis.io/docs/latest/operate/rs/references/rest-api/requests/bdbs/,official_docs,bdb,true,unreviewed,
bdbs/actions,Database actions requests,PUT,/v1/bdbs/{uid}/actions/backup_reset_status,Reset database backup status,https://redis.io/docs/latest/operate/rs/references/rest-api/requests/bdbs/actions/,official_docs,actions,true,unreviewed,
bdbs/actions/backup_reset_status,Backup reset status database action requests,PUT,/v1/bdbs/{uid}/actions/backup_reset_status,Reset database backup status,https://redis.io/docs/latest/operate/rs/references/rest-api/requests/bdbs/actions/backup_reset_status/,official_docs,,,unreviewed,
bdbs/actions/export,Export database action requests,POST,/v1/bdbs/{uid}/actions/export,Initiate database export,https://redis.io/docs/latest/operate/rs/references/rest-api/requests/bdbs/actions/export/,official_docs,,,unreviewed,
bdbs/actions/export_reset_status,Export resets status database action requests,PUT,/v1/bdbs/{uid}/actions/export_reset_status,Reset database export status,https://redis.io/docs/latest/operate/rs/references/rest-api/requests/bdbs/actions/export_reset_status/,official_docs,,,unreviewed,
bdbs/actions/import,Import database action requests,POST,/v1/bdbs/{uid}/actions/import,Initiate manual dataset import,https://redis.io/docs/latest/operate/rs/references/rest-api/requests/bdbs/actions/import/,official_docs,,,unreviewed,
bdbs/actions/import_reset_status,Import reset status database action requests,PUT,/v1/bdbs/{uid}/actions/import_reset_status,Reset database import status,https://redis.io/docs/latest/operate/rs/references/rest-api/requests/bdbs/actions/import_reset_status/,official_docs,,,unreviewed,
bdbs/actions/optimize_shards_placement,Optimize shards placement database action requests,GET,/v1/bdbs/{uid}/actions/optimize_shards_placement,Get optimized shards placement for a database,https://redis.io/docs/latest/operate/rs/references/rest-api/requests/bdbs/actions/optimize_shards_placement/,official_docs,,,unreviewed,
bdbs/actions/rebalance,Rebalance database requests,PUT,/v1/bdbs/{uid}/actions/rebalance,Rebalance database shards,https://redis.io/docs/latest/operate/rs/references/rest-api/requests/bdbs/actions/rebalance/,official_docs,,,unreviewed,
bdbs/actions/recover,Recover database requests,GET,/v1/bdbs/{uid}/actions/recover,Get database recovery plan,https://redis.io/docs/latest/operate/rs/references/rest-api/requests/bdbs/actions/recover/,official_docs,,,unreviewed,
bdbs/actions/recover,Recover database requests,POST,/v1/bdbs/{uid}/actions/recover,Recover database,https://redis.io/docs/latest/operate/rs/references/rest-api/requests/bdbs/actions/recover/,official_docs,,,unreviewed,
bdbs/actions/resume_traffic,Resume database traffic requests,POST,/v1/bdbs/{uid}/actions/resume_traffic,Resume database traffic,https://redis.io/docs/latest/operate/rs/references/rest-api/requests/bdbs/actions/resume_traffic/,official_docs,,,unreviewed,
bdbs/actions/revamp,Revamp database requests,PUT,/v1/bdbs/{uid}/actions/revamp,Update database configuration and optimize shard placement,https://redis.io/docs/latest/operate/rs/references/rest-api/requests/bdbs/actions/revamp/,official_docs,,,unreviewed,
bdbs/actions/stop_traffic,Stop database traffic requests,POST,/v1/bdbs/{uid}/actions/stop_traffic,Stop database traffic,https://redis.io/docs/latest/operate/rs/references/rest-api/requests/bdbs/actions/stop_traffic/,official_docs,,,unreviewed,
bdbs/alerts,Database alerts requests,GET,/v1/bdbs/alerts,Get all alert states for all databases,https://redis.io/docs/latest/operate/rs/references/rest-api/requests/bdbs/alerts/,official_docs,alerts,true,unreviewed,
bdbs/alerts,Database alerts requests,GET,/v1/bdbs/alerts/{uid},Get all alert states for a specific database,https://redis.io/docs/latest/operate/rs/references/rest-api/requests/bdbs/alerts/,official_docs,alerts,true,unreviewed,
bdbs/alerts,Database alerts requests,GET,/v1/bdbs/alerts/{uid}/{alert},Get a specific database alert state,https://redis.io/docs/latest/operate/rs/references/rest-api/requests/bdbs/alerts/,official_docs,alerts,true,unreviewed,
bdbs/alerts,Database alerts requests,POST,/v1/bdbs/alerts/{uid},Update a database’s alerts configuration,https://redis.io/docs/latest/operate/rs/references/rest-api/requests/bdbs/alerts/,official_docs,alerts,true,unreviewed,
bdbs/availability,Database availability requests,GET,/v1/local/bdbs/{uid}/endpoint/availability,Verifies local database endpoint availability,https://redis.io/docs/latest/operate/rs/references/rest-api/requests/bdbs/availability/,official_docs,bdb,true,unreviewed,
bdbs/availability,Database availability requests,GET,/v1/bdbs/{uid}/availability,Verifies database availability,https://redis.io/docs/latest/operate/rs/references/rest-api/requests/bdbs/availability/,official_docs,bdb,true,unreviewed,
bdbs/crdt_sources-alerts,Database CRDT sources alerts requests,GET,/v1/bdbs/crdt_sources/alerts,Get all CRDT sources alert states for all CRDB databases,https://redis.io/docs/latest/operate/rs/references/rest-api/requests/bdbs/crdt_sources-alerts/,official_docs,alerts,true,unreviewed,
bdbs/crdt_sources-alerts,Database CRDT sources alerts requests,GET,/v1/bdbs/crdt_sources/alerts/{uid},Get all CRDT sources alert states for a database,https://redis.io/docs/latest/operate/rs/references/rest-api/requests/bdbs/crdt_sources-alerts/,official_docs,alerts,true,unreviewed,
bdbs/crdt_sources-alerts,Database CRDT sources alerts requests,GET,/v1/bdbs/crdt_sources/alerts/{uid}/{crdt_src_id},Get all alert states for a CRDT source,https://redis.io/docs/latest/operate/rs/references/rest-api/requests/bdbs/crdt_sources-alerts/,official_docs,alerts,true,unreviewed,
bdbs/crdt_sources-alerts,Database CRDT sources alerts requests,GET,/v1/bdbs/crdt_sources/alerts/{uid}/{crdt_src_id}/{alert},Get a database alert state,https://redis.io/docs/latest/operate/rs/references/rest-api/requests/bdbs/crdt_sources-alerts/,official_docs,alerts,true,unreviewed,
bdbs/debuginfo,Database debug info requests,GET,/v1/bdbs/debuginfo,Get debug info from all databases,https://redis.io/docs/latest/operate/rs/references/rest-api/requests/bdbs/debuginfo/,official_docs,debuginfo,true,unreviewed,
bdbs/debuginfo,Database debug info requests,GET,/v1/bdbs/{bdb_uid}/debuginfo,Get debug info from a specific database,https://redis.io/docs/latest/operate/rs/references/rest-api/requests/bdbs/debuginfo/,official_docs,debuginfo,true,unreviewed,
bdbs/modules,Database modules requests,POST,/v1/bdbs/{uid}/modules/config,Configure module,https://redis.io/docs/latest/operate/rs/references/rest-api/requests/bdbs/modules/,official_docs,modules,true,unreviewed,
bdbs/modules/config,Database modules config requests,POST,/v1/bdbs/{uid}/modules/config,Configure module,https://redis.io/docs/latest/operate/rs/references/rest-api/requests/bdbs/modules/config/,official_docs,,,unreviewed,
bdbs/modules/upgrade,Database upgrade modules requests,POST,/v1/bdbs/{uid}/modules/upgrade,Upgrade module,https://redis.io/docs/latest/operate/rs/references/rest-api/requests/bdbs/modules/upgrade/,official_docs,,,unreviewed,
bdbs/passwords,Database passwords requests,PUT,/v1/bdbs/{uid}/passwords,Update database password,https://redis.io/docs/latest/operate/rs/references/rest-api/requests/bdbs/passwords/,official_docs,bdb,true,unreviewed,
bdbs/passwords,Database passwords requests,POST,/v1/bdbs/{uid}/passwords,Add database password,https://redis.io/docs/latest/operate/rs/references/rest-api/requests/bdbs/passwords/,official_docs,bdb,true,unreviewed,
bdbs/passwords,Database passwords requests,DELETE,/v1/bdbs/{uid}/passwords,Delete database password,https://redis.io/docs/latest/operate/rs/references/rest-api/requests/bdbs/passwords/,official_docs,bdb,true,unreviewed,
bdbs/peer_stats,CRDB peer stats requests,GET,/v1/bdbs/{bdb_uid}/peer_stats,Get stats for all CRDB peer instances,https://redis.io/docs/latest/operate/rs/references/rest-api/requests/bdbs/peer_stats/,official_docs,bdb,true,unreviewed,
bdbs/peer_stats,CRDB peer stats requests,GET,/v1/bdbs/{bdb_uid}/peer_stats/{uid},Get stats for a specific CRDB peer instance,https://redis.io/docs/latest/operate/rs/references/rest-api/requests/bdbs/peer_stats/,official_docs,bdb,true,unreviewed,
bdbs/replica_sources-alerts,Database replica sources alerts requests,GET,/v1/bdbs/replica_sources/alerts,Get all replica sources alert states for all BDBs,https://redis.io/docs/latest/operate/rs/references/rest-api/requests/bdbs/replica_sources-alerts/,official_docs,alerts,true,unreviewed,
bdbs/replica_sources-alerts,Database replica sources alerts requests,GET,/v1/bdbs/replica_sources/alerts/{uid},Get all replica sources alert states for a BDB,https://redis.io/docs/latest/operate/rs/references/rest-api/requests/bdbs/replica_sources-alerts/,official_docs,alerts,true,unreviewed,
bdbs/replica_sources-alerts,Database replica sources alerts requests,GET,/v1/bdbs/replica_sources/alerts/{uid}/{replica_src_id},Get all alert states for a replica source,https://redis.io/docs/latest/operate/rs/references/rest-api/requests/bdbs/replica_sources-alerts/,official_docs,alerts,true,unreviewed,
bdbs/replica_sources-alerts,Database replica sources alerts requests,GET,/v1/bdbs/replica_sources/alerts/{uid}/{replica_src_id}/{alert},Get a replica source alert state,https://redis.io/docs/latest/operate/rs/references/rest-api/requests/bdbs/replica_sources-alerts/,official_docs,alerts,true,unreviewed,
bdbs/shards,Database shards requests,GET,/v1/bdbs/{bdb_uid}/shards,Get the status of a database's shards,https://redis.io/docs/latest/operate/rs/references/rest-api/requests/bdbs/shards/,official_docs,bdb,true,unreviewed,
bdbs/stats,Database stats requests,GET,/v1/bdbs/stats,Get stats for all databases,https://redis.io/docs/latest/operate/rs/references/rest-api/requests/bdbs/stats/,official_docs,bdb,true,unreviewed,
bdbs/stats,Database stats requests,GET,/v1/bdbs/stats/{uid},Get stats for a specific database,https://redis.io/docs/latest/operate/rs/references/rest-api/requests/bdbs/stats/,official_docs,bdb,true,unreviewed,
bdbs/stats/last,Latest database stats requests,GET,/v1/bdbs/stats/last,Get most recent stats for all databases,https://redis.io/docs/latest/operate/rs/references/rest-api/requests/bdbs/stats/last/,official_docs,,,unreviewed,
bdbs/stats/last,Latest database stats requests,GET,/v1/bdbs/stats/last/{uid},Get most recent stats for a specific database,https://redis.io/docs/latest/operate/rs/references/rest-api/requests/bdbs/stats/last/,official_docs,,,unreviewed,
bdbs/sync_source_stats,Database syncer source stats requests,GET,/v1/bdbs/{bdb_uid}/sync_source_stats,Get stats for all syncer sources,https://redis.io/docs/latest/operate/rs/references/rest-api/requests/bdbs/sync_source_stats/,official_docs,bdb,true,unreviewed,
bdbs/sync_source_stats,Database syncer source stats requests,GET,/v1/bdbs/{bdb_uid}/sync_source_stats/{uid},Get stats for a specific syncer instance,https://redis.io/docs/latest/operate/rs/references/rest-api/requests/bdbs/sync_source_stats/,official_docs,bdb,true,unreviewed,
bdbs/syncer_state,Syncer state requests,GET,/v1/bdbs/{uid}/syncer_state,Get a CRDB's syncer state,https://redis.io/docs/latest/operate/rs/references/rest-api/requests/bdbs/syncer_state/,official_docs,bdb,true,unreviewed,
bdbs/syncer_state/crdt,CRDT syncer state requests,GET,/v1/bdbs/{uid}/syncer_state/crdt,Get a CRDB's syncer state,https://redis.io/docs/latest/operate/rs/references/rest-api/requests/bdbs/syncer_state/crdt/,official_docs,,,unreviewed,
bdbs/syncer_state/replica,Replica syncer state requests,GET,/v1/bdbs/{uid}/syncer_state/replica,Get a CRDB replica's syncer state,https://redis.io/docs/latest/operate/rs/references/rest-api/requests/bdbs/syncer_state/replica/,official_docs,,,unreviewed,
bdbs/upgrade,Database upgrade requests,POST,/v1/bdbs/{uid}/upgrade,Upgrade database,https://redis.io/docs/latest/operate/rs/references/rest-api/requests/bdbs/upgrade/,official_docs,bdb,true,unreviewed,
bootstrap,Bootstrap requests,GET,/v1/boostrap,Get the local node's bootstrap status,https://redis.io/docs/latest/operate/rs/references/rest-api/requests/bootstrap/,official_docs,bootstrap,true,unreviewed,
bootstrap,Bootstrap requests,POST,/v1/bootstrap/{action},Initiate bootstrapping,https://redis.io/docs/latest/operate/rs/references/rest-api/requests/bootstrap/,official_docs,bootstrap,true,unreviewed,
bootstrap/validate,Bootstrap validation requests,POST,/v1/bootstrap/validate/{action},Perform bootstrap validation,https://redis.io/docs/latest/operate/rs/references/rest-api/requests/bootstrap/validate/,official_docs,,,unreviewed,
cluster,Cluster requests,GET,/v1/cluster,Get cluster info,https://redis.io/docs/latest/operate/rs/references/rest-api/requests/cluster/,official_docs,cluster,true,unreviewed,
cluster,Cluster requests,PUT,/v1/cluster,Update cluster settings,https://redis.io/docs/latest/operate/rs/references/rest-api/requests/cluster/,official_docs,cluster,true,unreviewed,
cluster/actions,Cluster actions requests,GET,/v1/cluster/actions,Get the status of all actions,https://redis.io/docs/latest/operate/rs/references/rest-api/requests/cluster/actions/,official_docs,,,unreviewed,
cluster/actions,Cluster actions requests,GET,/v1/cluster/actions/{action},Get the status of a specific action,https://redis.io/docs/latest/operate/rs/references/rest-api/requests/cluster/actions/,official_docs,,,unreviewed,
cluster/actions,Cluster actions requests,POST,/v1/cluster/actions/{action},Initiate a cluster-wide action,https://redis.io/docs/latest/operate/rs/references/rest-api/requests/cluster/actions/,official_docs,,,unreviewed,
cluster/actions,Cluster actions requests,DELETE,/v1/cluster/actions/{action},Cancel action or remove action status,https://redis.io/docs/latest/operate/rs/references/rest-api/requests/cluster/actions/,official_docs,,,unreviewed,
cluster/alerts,Cluster alerts requests,GET,/v1/cluster/alerts,Get all cluster alerts,https://redis.io/docs/latest/operate/rs/references/rest-api/requests/cluster/alerts/,official_docs,,,unreviewed,
cluster/alerts,Cluster alerts requests,GET,/v1/cluster/alerts/{alert},Get a specific cluster alert,https://redis.io/docs/latest/operate/rs/references/rest-api/requests/cluster/alerts/,official_docs,,,unreviewed,
cluster/auditing-db-conns,Auditing database connections requests,GET,/v1/cluster/auditing/db_conns,Get database connection auditing settings,https://redis.io/docs/latest/operate/rs/references/rest-api/requests/cluster/auditing-db-conns/,official_docs,,,unreviewed,
cluster/auditing-db-conns,Auditing database connections requests,PUT,/v1/cluster/auditing/db_conns,Update database connection auditing settings,https://redis.io/docs/latest/operate/rs/references/rest-api/requests/cluster/auditing-db-conns/,official_docs,,,unreviewed,
cluster/auditing-db-conns,Auditing database connections requests,DELETE,/v1/cluster/auditing/db_conns,Delete database connection auditing settings,https://redis.io/docs/latest/operate/rs/references/rest-api/requests/cluster/auditing-db-conns/,official_docs,,,unreviewed,
cluster/certificates,Cluster certificates requests,GET,/v1/cluster/certificates,Get cluster certificates,https://redis.io/docs/latest/operate/rs/references/rest-api/requests/cluster/certificates/,official_docs,,,unreviewed,
cluster/certificates,Cluster certificates requests,PUT,/v1/cluster/certificates,Update cluster certificates,https://redis.io/docs/latest/operate/rs/references/rest-api/requests/cluster/certificates/,official_docs,,,unreviewed,
cluster/certificates,Cluster certificates requests,PUT,/v1/cluster/update_cert,Update a cluster certificate (deprecated as of Redis Software version 7.22.2),https://redis.io/docs/latest/operate/rs/references/rest-api/requests/cluster/certificates/,official_docs,,,unreviewed,
cluster/certificates,Cluster certificates requests,DELETE,/v1/cluster/certificates/{certificate_name},Delete cluster certificate,https://redis.io/docs/latest/operate/rs/references/rest-api/requests/cluster/certificates/,official_docs,,,unreviewed,
cluster/certificates/rotate,Rotate cluster certificates requests,POST,/v1/cluster/certificates/rotate,Regenerate all internal cluster certificates,https://redis.io/docs/latest/operate/rs/references/rest-api/requests/cluster/certificates/rotate/,official_docs,,,unreviewed,
cluster/change_password_hashing_algorithm,Change password hashing algorithm requests,PATCH,/v1/cluster/change_password_hashing_algorithm,Change the hashing policy for user passwords,https://redis.io/docs/latest/operate/rs/references/rest-api/requests/cluster/change_password_hashing_algorithm/,official_docs,,,unreviewed,
cluster/check,Check all cluster nodes requests,GET,/v1/cluster/check,Runs checks on all cluster nodes,https://redis.io/docs/latest/operate/rs/references/rest-api/requests/cluster/check/,official_docs,,,unreviewed,
cluster/debuginfo,Cluster debug info requests,GET,/v1/cluster/debuginfo,Get debug info from all nodes and databases,https://redis.io/docs/latest/operate/rs/references/rest-api/requests/cluster/debuginfo/,official_docs,,,unreviewed,
cluster/ldap,Cluster LDAP requests,GET,/v1/cluster/ldap,Get LDAP configuration,https://redis.io/docs/latest/operate/rs/references/rest-api/requests/cluster/ldap/,official_docs,,,unreviewed,
cluster/ldap,Cluster LDAP requests,PUT,/v1/cluster/ldap,Set/update LDAP configuration,https://redis.io/docs/latest/operate/rs/references/rest-api/requests/cluster/ldap/,official_docs,,,unreviewed,
cluster/ldap,Cluster LDAP requests,DELETE,/v1/cluster/ldap,Delete LDAP configuration,https://redis.io/docs/latest/operate/rs/references/rest-api/requests/cluster/ldap/,official_docs,,,unreviewed,
cluster/module-capabilities,Cluster module capabilities requests,GET,/v1/cluster/module-capabilities,List possible Redis module capabilities,https://redis.io/docs/latest/operate/rs/references/rest-api/requests/cluster/module-capabilities/,official_docs,,,unreviewed,
cluster/policy,Cluster policy requests,GET,/v1/cluster/policy,Get cluster policy settings,https://redis.io/docs/latest/operate/rs/references/rest-api/requests/cluster/policy/,official_docs,,,unreviewed,
cluster/policy,Cluster policy requests,PUT,/v1/cluster/policy,Update cluster policy settings,https://redis.io/docs/latest/operate/rs/references/rest-api/requests/cluster/policy/,official_docs,,,unreviewed,
cluster/services_configuration,Cluster services configuration requests,GET,/v1/cluster/services_configuration,Get cluster services settings,https://redis.io/docs/latest/operate/rs/references/rest-api/requests/cluster/services_configuration/,official_docs,,,unreviewed,
cluster/services_configuration,Cluster services configuration requests,PUT,/v1/cluster/services_configuration,Update cluster services settings,https://redis.io/docs/latest/operate/rs/references/rest-api/requests/cluster/services_configuration/,official_docs,,,unreviewed,
cluster/sso,Single sign-on requests,GET,/v1/cluster/sso,Get SSO configuration,https://redis.io/docs/latest/operate/rs/references/rest-api/requests/cluster/sso/,official_docs,,,unreviewed,
cluster/sso,Single sign-on requests,PUT,/v1/cluster/sso,Set or update SSO configuration,https://redis.io/docs/latest/operate/rs/references/rest-api/requests/cluster/sso/,official_docs,,,unreviewed,
cluster/sso,Single sign-on requests,DELETE,/v1/cluster/sso,Clear SSO configuration,https://redis.io/docs/latest/operate/rs/references/rest-api/requests/cluster/sso/,official_docs,,,unreviewed,
cluster/sso,Single sign-on requests,GET,/v1/cluster/sso/saml/metadata/sp,Get SAML service provider metadata,https://redis.io/docs/latest/operate/rs/references/rest-api/requests/cluster/sso/,official_docs,,,unreviewed,
cluster/sso,Single sign-on requests,POST,/v1/cluster/sso/saml/metadata/idp,Upload SAML identity provider metadata,https://redis.io/docs/latest/operate/rs/references/rest-api/requests/cluster/sso/,official_docs,,,unreviewed,
cluster/stats,Cluster stats requests,GET,/v1/cluster/stats,Get cluster stats,https://redis.io/docs/latest/operate/rs/references/rest-api/requests/cluster/stats/,official_docs,,,unreviewed,
cluster/stats/last,Cluster last stats requests,GET,/v1/cluster/stats/last,Get most recent cluster stats,https://redis.io/docs/latest/operate/rs/references/rest-api/requests/cluster/stats/last/,official_docs,,,unreviewed,
cm_settings,Cluster Manager settings requests,GET,/v1/cm_settings,Get Cluster Manager UI settings,https://redis.io/docs/latest/operate/rs/references/rest-api/requests/cm_settings/,official_docs,cm_settings,true,unreviewed,
cm_settings,Cluster Manager settings requests,PUT,/v1/cm_settings,Update Cluster Manager UI settings,https://redis.io/docs/latest/operate/rs/references/rest-api/requests/cm_settings/,official_docs,cm_settings,true,unreviewed,
crdb_tasks,CRDB tasks requests,GET,/v1/crdb_tasks,Get all running tasks,https://redis.io/docs/latest/operate/rs/references/rest-api/requests/crdb_tasks/,official_docs,crdb_tasks,true,unreviewed,
crdb_tasks,CRDB tasks requests,GET,/v1/crdb_tasks/{task_id},Get the status of an executed task,https://redis.io/docs/latest/operate/rs/references/rest-api/requests/crdb_tasks/,official_docs,crdb_tasks,true,unreviewed,
crdb_tasks,CRDB tasks requests,POST,/v1/crdb_tasks/{task_id}/actions/cancel,Cancel a running or queued task,https://redis.io/docs/latest/operate/rs/references/rest-api/requests/crdb_tasks/,official_docs,crdb_tasks,true,unreviewed,
crdbs,CRDBs requests,GET,/v1/crdbs,Get all Active-Active databases,https://redis.io/docs/latest/operate/rs/references/rest-api/requests/crdbs/,official_docs,crdb,true,unreviewed,
crdbs,CRDBs requests,GET,/v1/crdbs/{crdb_guid},Get a specific Active-Active database,https://redis.io/docs/latest/operate/rs/references/rest-api/requests/crdbs/,official_docs,crdb,true,unreviewed,
crdbs,CRDBs requests,PATCH,/v1/crdbs/{crdb_guid},Update an Active-Active database,https://redis.io/docs/latest/operate/rs/references/rest-api/requests/crdbs/,official_docs,crdb,true,unreviewed,
crdbs,CRDBs requests,POST,/v1/crdbs,Create a new Active-Active database,https://redis.io/docs/latest/operate/rs/references/rest-api/requests/crdbs/,official_docs,crdb,true,unreviewed,
crdbs,CRDBs requests,DELETE,/v1/crdbs/{crdb_guid},Delete an Active-Active database,https://redis.io/docs/latest/operate/rs/references/rest-api/requests/crdbs/,official_docs,crdb,true,unreviewed,
crdbs/flush,CRDB flush requests,PUT,/v1/crdbs/{crdb_guid}/flush,Flush an Active-Active database,https://redis.io/docs/latest/operate/rs/references/rest-api/requests/crdbs/flush/,official_docs,,,unreviewed,
crdbs/health_report,CRDB health report requests,GET,/v1/crdbs/{crdb_guid}/health_report,Get a health report for an Active-Active database,https://redis.io/docs/latest/operate/rs/references/rest-api/requests/crdbs/health_report/,official_docs,,,unreviewed,
crdbs/purge,CRDB purge requests,PUT,/v1/crdbs/{crdb_guid}/purge,Purge data from an instance that was forcibly removed from the Active-Active database,https://redis.io/docs/latest/operate/rs/references/rest-api/requests/crdbs/purge/,official_docs,,,unreviewed,
crdbs/updates,CRDB updates requests,POST,/v1/crdbs/{crdb_guid}/updates,Modify Active-Active configuration,https://redis.io/docs/latest/operate/rs/references/rest-api/requests/crdbs/updates/,official_docs,,,unreviewed,
crdbs/upgrade,CRDB upgrade requests,POST,/v1/crdbs/{crdb_guid}/upgrade,Upgrade an Active-Active database,https://redis.io/docs/latest/operate/rs/references/rest-api/requests/crdbs/upgrade/,official_docs,crdb,true,unreviewed,
debuginfo,Debug info requests,GET,/v1/debuginfo/all,Gets debug info for all nodes,https://redis.io/docs/latest/operate/rs/references/rest-api/requests/debuginfo/,official_docs,debuginfo,true,unreviewed,
debuginfo,Debug info requests,GET,/v1/debuginfo/all/bdb/{bdb_uid},Gets debug info for a database from all nodes,https://redis.io/docs/latest/operate/rs/references/rest-api/requests/debuginfo/,official_docs,debuginfo,true,unreviewed,
debuginfo/all,All nodes debug info requests,GET,/v1/debuginfo/all,Get debug info for all nodes,https://redis.io/docs/latest/operate/rs/references/rest-api/requests/debuginfo/all/,official_docs,,,unreviewed,
debuginfo/all/bdb,All nodes database debug info requests,GET,/v1/debuginfo/all/bdb/{bdb_uid},Get debug info for a database from all nodes,https://redis.io/docs/latest/operate/rs/references/rest-api/requests/debuginfo/all/bdb/,official_docs,,,unreviewed,
debuginfo/node,Current node debug info requests,GET,/v1/debuginfo/node,Get debug info for the current node,https://redis.io/docs/latest/operate/rs/references/rest-api/requests/debuginfo/node/,official_docs,,,unreviewed,
debuginfo/node/bdb,Current node database debug info requests,GET,/v1/debuginfo/node/bdb/{bdb_uid},Get debug info for the current node regarding a specific database,https://redis.io/docs/latest/operate/rs/references/rest-api/requests/debuginfo/node/bdb/,official_docs,,,unreviewed,
diagnostics,Diagnostics requests,GET,/v1/diagnostics,Get diagnostic logging service configuration,https://redis.io/docs/latest/operate/rs/references/rest-api/requests/diagnostics/,official_docs,diagnostics,true,unreviewed,
diagnostics,Diagnostics requests,PUT,/v1/diagnostics,Update diagnostic logging service configuration,https://redis.io/docs/latest/operate/rs/references/rest-api/requests/diagnostics/,official_docs,diagnostics,true,unreviewed,
endpoints-stats,Endpoints stats requests,GET,/v1/endpoints/stats,Get stats for all endpoints,https://redis.io/docs/latest/operate/rs/references/rest-api/requests/endpoints-stats/,official_docs,endpoints,true,unreviewed,
job_scheduler,Job scheduler requests,GET,/v1/job_scheduler,Get job scheduler settings,https://redis.io/docs/latest/operate/rs/references/rest-api/requests/job_scheduler/,official_docs,job_scheduler,true,unreviewed,
job_scheduler,Job scheduler requests,PUT,/v1/job_scheduler,Update job scheduler settings,https://redis.io/docs/latest/operate/rs/references/rest-api/requests/job_scheduler/,official_docs,job_scheduler,true,unreviewed,
jsonschema,JSON schema requests,GET,/v1/jsonschema,Get JSON schema of API objects,https://redis.io/docs/latest/operate/rs/references/rest-api/requests/jsonschema/,official_docs,jsonschema,true,unreviewed,
ldap_mappings,LDAP mappings requests,GET,/v1/ldap_mappings,Get all LDAP mappings,https://redis.io/docs/latest/operate/rs/references/rest-api/requests/ldap_mappings/,official_docs,ldap_mappings,true,unreviewed,
ldap_mappings,LDAP mappings requests,GET,/v1/ldap_mappings/{uid},Get a single LDAP mapping,https://redis.io/docs/latest/operate/rs/references/rest-api/requests/ldap_mappings/,official_docs,ldap_mappings,true,unreviewed,
ldap_mappings,LDAP mappings requests,PUT,/v1/ldap_mappings/{uid},Update an LDAP mapping,https://redis.io/docs/latest/operate/rs/references/rest-api/requests/ldap_mappings/,official_docs,ldap_mappings,true,unreviewed,
ldap_mappings,LDAP mappings requests,POST,/v1/ldap_mappings,Create a new LDAP mapping,https://redis.io/docs/latest/operate/rs/references/rest-api/requests/ldap_mappings/,official_docs,ldap_mappings,true,unreviewed,
ldap_mappings,LDAP mappings requests,DELETE,/v1/ldap_mappings/{uid},Delete an LDAP mapping,https://redis.io/docs/latest/operate/rs/references/rest-api/requests/ldap_mappings/,official_docs,ldap_mappings,true,unreviewed,
license,License requests,GET,/v1/license,Get license details,https://redis.io/docs/latest/operate/rs/references/rest-api/requests/license/,official_docs,license,true,unreviewed,
license,License requests,PUT,/v1/license,Update the license,https://redis.io/docs/latest/operate/rs/references/rest-api/requests/license/,official_docs,license,true,unreviewed,
logs,Logs requests,GET,/v1/logs,Get cluster events log,https://redis.io/docs/latest/operate/rs/references/rest-api/requests/logs/,official_docs,logs,true,unreviewed,
metrics_config,Metrics configuration requests,GET,/v1/metrics_config,Get the cluster's metrics configuration,https://redis.io/docs/latest/operate/rs/references/rest-api/requests/metrics_config/,official_docs,metrics_config,true,unreviewed,
metrics_config,Metrics configuration requests,PUT,/v1/metrics_config,Update the cluster's metrics configuration,https://redis.io/docs/latest/operate/rs/references/rest-api/requests/metrics_config/,official_docs,metrics_config,true,unreviewed,
migrations,Migrations requests,GET,/v1/migrations/<uid>,Get database migration status,https://redis.io/docs/latest/operate/rs/references/rest-api/requests/migrations/,official_docs,migrations,true,unreviewed,
modules,Modules requests,GET,/v1/modules,List available modules,https://redis.io/docs/latest/operate/rs/references/rest-api/requests/modules/,official_docs,modules,true,unreviewed,
modules,Modules requests,GET,/v1/modules/{uid},Get a specific module,https://redis.io/docs/latest/operate/rs/references/rest-api/requests/modules/,official_docs,modules,true,unreviewed,
modules/config,Configure module requests,POST,/v1/modules/config/bdb/{uid},Configure module,https://redis.io/docs/latest/operate/rs/references/rest-api/requests/modules/config/,official_docs,,,unreviewed,
modules/user-defined,User-defined module requests,GET,/v2/local/modules/user-defined/artifacts,List custom module artifacts on a node,https://redis.io/docs/latest/operate/rs/references/rest-api/requests/modules/user-defined/,official_docs,,,unreviewed,
modules/user-defined,User-defined module requests,POST,/v2/modules/user-defined,Upload custom module configuration,https://redis.io/docs/latest/operate/rs/references/rest-api/requests/modules/user-defined/,official_docs,,,unreviewed,
modules/user-defined,User-defined module requests,POST,/v2/local/modules/user-defined/artifacts,Upload a custom module artifact to a node,https://redis.io/docs/latest/operate/rs/references/rest-api/requests/modules/user-defined/,official_docs,,,unreviewed,
modules/user-defined,User-defined module requests,DELETE,/v2/modules/user-defined/<uid>,Delete a custom module configuration,https://redis.io/docs/latest/operate/rs/references/rest-api/requests/modules/user-defined/,official_docs,,,unreviewed,
modules/user-defined,User-defined module requests,DELETE,/v2/local/modules/user-defined/artifacts/<module_name>/<version>,Delete a custom module artifact from a node,https://redis.io/docs/latest/operate/rs/references/rest-api/requests/modules/user-defined/,official_docs,,,unreviewed,
node_master_healthcheck,Node master healthcheck requests,GET,/v1/local/node/master_healthcheck,Checks a node's connection to the primary node,https://redis.io/docs/latest/operate/rs/references/rest-api/requests/node_master_healthcheck/,official_docs,local,true,unreviewed,
nodes,Nodes requests,GET,/v1/nodes,Get all cluster nodes,https://redis.io/docs/latest/operate/rs/references/rest-api/requests/nodes/,official_docs,nodes,true,unreviewed,
nodes,Nodes requests,GET,/v1/nodes/{uid},Get a single cluster node,https://redis.io/docs/latest/operate/rs/references/rest-api/requests/nodes/,official_docs,nodes,true,unreviewed,
nodes,Nodes requests,PUT,/v1/nodes/{uid},Update a node,https://redis.io/docs/latest/operate/rs/references/rest-api/requests/nodes/,official_docs,nodes,true,unreviewed,
nodes/actions,Node actions requests,GET,/v1/nodes/actions,Get status of all actions on all nodes,https://redis.io/docs/latest/operate/rs/references/rest-api/requests/nodes/actions/,official_docs,,,unreviewed,
nodes/actions,Node actions requests,GET,/v1/nodes/{node_uid}/actions,Get status of all actions on a specific node,https://redis.io/docs/latest/operate/rs/references/rest-api/requests/nodes/actions/,official_docs,,,unreviewed,
nodes/actions,Node actions requests,GET,/v1/nodes/{node_uid}/actions/{action},Get status of an action on a specific node,https://redis.io/docs/latest/operate/rs/references/rest-api/requests/nodes/actions/,official_docs,,,unreviewed,
nodes/actions,Node actions requests,POST,/v1/nodes/{node_uid}/actions/{action},Initiate node action,https://redis.io/docs/latest/operate/rs/references/rest-api/requests/nodes/actions/,official_docs,,,unreviewed,
nodes/actions,Node actions requests,DELETE,/v1/nodes/{node_uid}/actions/{action},Cancel action or remove action status,https://redis.io/docs/latest/operate/rs/references/rest-api/requests/nodes/actions/,official_docs,,,unreviewed,
nodes/alerts,Node alerts requests,GET,/v1/nodes/alerts,Get all alert states for all nodes,https://redis.io/docs/latest/operate/rs/references/rest-api/requests/nodes/alerts/,official_docs,,,unreviewed,
nodes/alerts,Node alerts requests,GET,/v1/nodes/alerts/{uid},Get all alert states for a node,https://redis.io/docs/latest/operate/rs/references/rest-api/requests/nodes/alerts/,official_docs,,,unreviewed,
nodes/alerts,Node alerts requests,GET,/v1/nodes/alerts/{uid}/{alert},Get node alert state,https://redis.io/docs/latest/operate/rs/references/rest-api/requests/nodes/alerts/,official_docs,,,unreviewed,
nodes/check,Check node requests,GET,/v1/nodes/check/{uid},Runs checks on a cluster node,https://redis.io/docs/latest/operate/rs/references/rest-api/requests/nodes/check/,official_docs,,,unreviewed,
nodes/debuginfo,Node debug info requests,GET,/v1/nodes/debuginfo,Get debug info from all nodes,https://redis.io/docs/latest/operate/rs/references/rest-api/requests/nodes/debuginfo/,official_docs,,,unreviewed,
nodes/debuginfo,Node debug info requests,GET,/v1/nodes/{node_uid}/debuginfo,Get debug info from a specific node,https://redis.io/docs/latest/operate/rs/references/rest-api/requests/nodes/debuginfo/,official_docs,,,unreviewed,
nodes/snapshots,Node snapshot requests,GET,/v1/nodes/{uid}/snapshots,Get node snapshots,https://redis.io/docs/latest/operate/rs/references/rest-api/requests/nodes/snapshots/,official_docs,,,unreviewed,
nodes/snapshots,Node snapshot requests,DELETE,/v1/nodes/{uid}/snapshots/{snapshot_name},Delete a node snapshot,https://redis.io/docs/latest/operate/rs/references/rest-api/requests/nodes/snapshots/,official_docs,,,unreviewed,
nodes/stats,Node stats requests,GET,/v1/nodes/stats,Get stats for all nodes,https://redis.io/docs/latest/operate/rs/references/rest-api/requests/nodes/stats/,official_docs,,,unreviewed,
nodes/stats,Node stats requests,GET,/v1/nodes/stats/{uid},Get stats for a single node,https://redis.io/docs/latest/operate/rs/references/rest-api/requests/nodes/stats/,official_docs,,,unreviewed,
nodes/stats/last,Latest node stats requests,GET,/v1/nodes/stats/last,Get latest stats for all nodes,https://redis.io/docs/latest/operate/rs/references/rest-api/requests/nodes/stats/last/,official_docs,,,unreviewed,
nodes/stats/last,Latest node stats requests,GET,/v1/nodes/stats/last/{uid},Get latest stats for a single node,https://redis.io/docs/latest/operate/rs/references/rest-api/requests/nodes/stats/last/,official_docs,,,unreviewed,
nodes/status,Node status requests,GET,/v1/nodes/status,Get the status of all nodes,https://redis.io/docs/latest/operate/rs/references/rest-api/requests/nodes/status/,official_docs,,,unreviewed,
nodes/status,Node status requests,GET,/v1/nodes/{uid}/status,Get a node's status,https://redis.io/docs/latest/operate/rs/references/rest-api/requests/nodes/status/,official_docs,,,unreviewed,
ocsp,OCSP requests,GET,/v1/ocsp,Get OCSP configuration,https://redis.io/docs/latest/operate/rs/references/rest-api/requests/ocsp/,official_docs,ocsp,true,unreviewed,
ocsp,OCSP requests,PUT,/v1/ocsp,Update OCSP configuration,https://redis.io/docs/latest/operate/rs/references/rest-api/requests/ocsp/,official_docs,ocsp,true,unreviewed,
ocsp/status,OCSP status requests,GET,/v1/ocsp/status,Get OCSP status,https://redis.io/docs/latest/operate/rs/references/rest-api/requests/ocsp/status/,official_docs,,,unreviewed,
ocsp/test,OCSP test requests,POST,/v1/ocsp/test,Test OCSP,https://redis.io/docs/latest/operate/rs/references/rest-api/requests/ocsp/test/,official_docs,,,unreviewed,
proxies,Proxy requests,GET,/v1/proxies,Get all proxies,https://redis.io/docs/latest/operate/rs/references/rest-api/requests/proxies/,official_docs,proxies,true,unreviewed,
proxies,Proxy requests,GET,/v1/proxies/{uid},Get a proxy,https://redis.io/docs/latest/operate/rs/references/rest-api/requests/proxies/,official_docs,proxies,true,unreviewed,
proxies,Proxy requests,PUT,/v1/proxies/{uid},Update a proxy,https://redis.io/docs/latest/operate/rs/references/rest-api/requests/proxies/,official_docs,proxies,true,unreviewed,
proxies,Proxy requests,PUT,/v1/proxies,Update all proxies,https://redis.io/docs/latest/operate/rs/references/rest-api/requests/proxies/,official_docs,proxies,true,unreviewed,
redis_acls,Redis access control list (ACL) requests,GET,/v1/redis_acls,Get all Redis ACLs,https://redis.io/docs/latest/operate/rs/references/rest-api/requests/redis_acls/,official_docs,redis_acls,true,unreviewed,
redis_acls,Redis access control list (ACL) requests,GET,/v1/redis_acls/{uid},Get a single Redis ACL,https://redis.io/docs/latest/operate/rs/references/rest-api/requests/redis_acls/,official_docs,redis_acls,true,unreviewed,
redis_acls,Redis access control list (ACL) requests,PUT,/v1/redis_acls/{uid},Update a Redis ACL,https://redis.io/docs/latest/operate/rs/references/rest-api/requests/redis_acls/,official_docs,redis_acls,true,unreviewed,
redis_acls,Redis access control list (ACL) requests,POST,/v1/redis_acls,Create a new Redis ACL,https://redis.io/docs/latest/operate/rs/references/rest-api/requests/redis_acls/,official_docs,redis_acls,true,unreviewed,
redis_acls,Redis access control list (ACL) requests,DELETE,/v1/redis_acls/{uid},Delete a Redis ACL,https://redis.io/docs/latest/operate/rs/references/rest-api/requests/redis_acls/,official_docs,redis_acls,true,unreviewed,
roles,Roles requests,GET,/v1/roles,Get all roles,https://redis.io/docs/latest/operate/rs/references/rest-api/requests/roles/,official_docs,roles,true,unreviewed,
roles,Roles requests,GET,/v1/roles/{uid},Get a single role,https://redis.io/docs/latest/operate/rs/references/rest-api/requests/roles/,official_docs,roles,true,unreviewed,
roles,Roles requests,PUT,/v1/roles/{uid},Update an existing role,https://redis.io/docs/latest/operate/rs/references/rest-api/requests/roles/,official_docs,roles,true,unreviewed,
roles,Roles requests,POST,/v1/roles,Create a new role,https://redis.io/docs/latest/operate/rs/references/rest-api/requests/roles/,official_docs,roles,true,unreviewed,
roles,Roles requests,DELETE,/v1/roles/{uid},Delete a role,https://redis.io/docs/latest/operate/rs/references/rest-api/requests/roles/,official_docs,roles,true,unreviewed,
services,Services requests,GET,/v1/local/services,List Redis Software services on the local node,https://redis.io/docs/latest/operate/rs/references/rest-api/requests/services/,official_docs,services,true,unreviewed,
services,Services requests,POST,/v1/local/services,Modify or perform operations on local processes,https://redis.io/docs/latest/operate/rs/references/rest-api/requests/services/,official_docs,services,true,unreviewed,
services,Services requests,POST,/v1/services,Modify or perform operations on primary node processes,https://redis.io/docs/latest/operate/rs/references/rest-api/requests/services/,official_docs,services,true,unreviewed,
shards,Shard requests,GET,/v1/shards,Get all shards,https://redis.io/docs/latest/operate/rs/references/rest-api/requests/shards/,official_docs,shards,true,unreviewed,
shards,Shard requests,GET,/v1/shards/{uid},Get a specific shard,https://redis.io/docs/latest/operate/rs/references/rest-api/requests/shards/,official_docs,shards,true,unreviewed,
shards/actions,Shard actions requests,POST,/v1/shards/actions/migrate,Migrate multiple shards,https://redis.io/docs/latest/operate/rs/references/rest-api/requests/shards/actions/,official_docs,,,unreviewed,
shards/actions,Shard actions requests,POST,/v1/shards/{uid}/actions/migrate,Migrate a specific shard,https://redis.io/docs/latest/operate/rs/references/rest-api/requests/shards/actions/,official_docs,,,unreviewed,
shards/actions/failover,Shard failover requests,POST,/v1/shards/actions/failover,Fail over multiple shards,https://redis.io/docs/latest/operate/rs/references/rest-api/requests/shards/actions/failover/,official_docs,,,unreviewed,
shards/actions/failover,Shard failover requests,POST,/v1/shards/{uid}/actions/failover,Fail over a specific shard,https://redis.io/docs/latest/operate/rs/references/rest-api/requests/shards/actions/failover/,official_docs,,,unreviewed,
shards/actions/migrate,Migrate shards requests,POST,/v1/shards/actions/migrate,Migrate multiple shards,https://redis.io/docs/latest/operate/rs/references/rest-api/requests/shards/actions/migrate/,official_docs,,,unreviewed,
shards/actions/migrate,Migrate shards requests,POST,/v1/shards/{uid}/actions/migrate,Migrate a specific shard,https://redis.io/docs/latest/operate/rs/references/rest-api/requests/shards/actions/migrate/,official_docs,,,unreviewed,
shards/stats,Shards stats requests,GET,/v1/shards/stats,Get stats for all shards,https://redis.io/docs/latest/operate/rs/references/rest-api/requests/shards/stats/,official_docs,,,unreviewed,
shards/stats,Shards stats requests,GET,/v1/shards/stats/{uid},Get stats for a specific shard,https://redis.io/docs/latest/operate/rs/references/rest-api/requests/shards/stats/,official_docs,,,unreviewed,
shards/stats/last,Latest shards stats requests,GET,/v1/shards/stats/last,Get most recent stats for all shards,https://redis.io/docs/latest/operate/rs/references/rest-api/requests/shards/stats/last/,official_docs,,,unreviewed,
shards/stats/last,Latest shards stats requests,GET,/v1/shards/stats/last/{uid},Get most recent stats for a specific shard,https://redis.io/docs/latest/operate/rs/references/rest-api/requests/shards/stats/last/,official_docs,,,unreviewed,
suffix,Suffix requests,GET,/v1/suffix/{name},Get a single DNS suffix,https://redis.io/docs/latest/operate/rs/references/rest-api/requests/suffix/,official_docs,suffixes,true,unreviewed,
suffixes,Suffixes requests,GET,/v1/suffixes,Get all DNS suffixes,https://redis.io/docs/latest/operate/rs/references/rest-api/requests/suffixes/,official_docs,suffixes,true,unreviewed,
usage_report,Usage report requests,GET,/v1/usage_report,Get the cluster's database usage report,https://redis.io/docs/latest/operate/rs/references/rest-api/requests/usage_report/,official_docs,usage_report,true,unreviewed,
users,Users requests,GET,/v1/users,Get all users,https://redis.io/docs/latest/operate/rs/references/rest-api/requests/users/,official_docs,users,true,unreviewed,
users,Users requests,GET,/v1/users/{uid},Get a single user,https://redis.io/docs/latest/operate/rs/references/rest-api/requests/users/,official_docs,users,true,unreviewed,
users,Users requests,PUT,/v1/users/{uid},Update a user's configuration,https://redis.io/docs/latest/operate/rs/references/rest-api/requests/users/,official_docs,users,true,unreviewed,
users,Users requests,POST,/v1/users,Create a new user,https://redis.io/docs/latest/operate/rs/references/rest-api/requests/users/,official_docs,users,true,unreviewed,
users,Users requests,DELETE,/v1/users/{uid},Delete a user,https://redis.io/docs/latest/operate/rs/references/rest-api/requests/users/,official_docs,users,true,unreviewed,
users/authorize,Authorize user requests,POST,/v1/users/authorize,Generate a token to authorize an authenticated user,https://redis.io/docs/latest/operate/rs/references/rest-api/requests/users/authorize/,official_docs,,,unreviewed,
users/refresh_jwt,Refresh JWT requests,POST,/v1/users/refresh_jwt,Get a new authentication token,https://redis.io/docs/latest/operate/rs/references/rest-api/requests/users/refresh_jwt/,official_docs,,,unreviewed,
